Release,NamespacePrefix,LocalTerm,Literal,Definition
5.2,aamva_d20,AAMVA,American Association of Motor Vehicle Administrators,
5.2,aamva_d20,ACD,AAMVA Code Dictionary,
5.2,aamva_d20,CDL,Commercial Driver's License,
5.2,aamva_d20,CFR,,Code of Federal Regulations
5.2,aamva_d20,CMV,Commercial Motor Vehicle,
5.2,aamva_d20,D20,,Standard for Traffic Records Systems
5.2,aamva_d20,HazMat,Hazardous Materials,
5.2,aamva_d20,HME,Hazardous Material Endorsement,
5.2,aamva_d20,TSA,Transportation Security Administration,
5.2,ag,ACRSI,Acreage and Crop Reporting Streamlining Initiative,
5.2,ag,AIP,Approved Insurance Provider,
5.2,ag,ANSI,American National Standards Institute,
5.2,ag,CLU,Common Land Unit,
5.2,ag,CM,Common Management,
5.2,ag,CVT,Commodity Validation Table,
5.2,ag,FIPS,Federal Information Processing Standards,
5.2,ag,FSA,Farm Service Agency,
5.2,ag,GML,Geography Markup Language,
5.2,ag,INCITS,InterNational Committee for Information Technology Standards,
5.2,ag,MICS,Mobile Implement Control System,
5.2,ag,NRCS,Natural Resources Conservation Service,
5.2,ag,RMA,Risk Management Agency,
5.2,ag,SCIMS,Service Center Information Management System,
5.2,ag,USDA,United States Department of Agriculture,
5.2,ag_codes,CLU,Common land unit,
5.2,ag_codes,CVT,Crop Validation Table,
5.2,ag_codes,FSA,Farm Service Agency,
5.2,ag_codes,NRCS,National Resources Conservation Service,
5.2,ag_codes,RMA,Risk Management Agency,
5.2,biom,3D,Three-dimensional,
5.2,biom,ADA,American Dental Association,
5.2,biom,ANSI,American National Standards Institute,
5.2,biom,autosomal,,Pertaining to a chromosome that is not a sex chromosome.
5.2,biom,AVI,Audio Video Interleaved,
5.2,biom,CBEFF,Common Biometric Exchange Formats Framework,
5.2,biom,Cheiloscopic,,Cheiloscopy is a forensic investigation technique that deals with identification of humans based on lips traces.
5.2,biom,CSP,Color spaces,
5.2,biom,Diarization,,The process of partitioning an input audio stream into homogeneous segments according to the speaker identity.
5.2,biom,DII,Diarization Indicator,
5.2,biom,DNA,Deoxyribonucleic acid,
5.2,biom,DNASTR,Deoxyribonucleic acid short tandem repeat,
5.2,biom,EFS,Extended Feature Set,
5.2,biom,EJI,Entire Joint Image,
5.2,biom,EJIs,Entire Joint Image,
5.2,biom,Electropherogram,,"A record or chart produced when electrophoresis is used in an analytical technique, primarily in the fields of molecular biology or biochemistry."
5.2,biom,FTF,free text field,
5.2,biom,FTO,feature - field occurrence,
5.2,biom,GENC,"Geopolitical Entities, Names, and Codes (GENC) Standard",
5.2,biom,HV,Hypervariable,
5.2,biom,IEC,International Electrotechnical Commission,
5.2,biom,INCITS,InterNational Committee for Information Technology Standards,
5.2,biom,ISO,International Organization for Standardization,
5.2,biom,ITL,Information Technology Laboratory,
5.2,biom,MISC,Miscellaneous,
5.2,biom,Mito,Mitochondrial,
5.2,biom,mtDNA,Mitochondrial DNA,
5.2,biom,NCIC,National Crime Information Center,
5.2,biom,NIST,National Institute of Standards and Technology,
5.2,biom,PHD,Photo Capture Date,
5.2,biom,ppi,Pixels per inch,
5.2,biom,ppmm,Pixels per millimeter,
5.2,biom,PUM,Position Uncertainty,
5.2,biom,SBCC,Subject Body Class Code,
5.2,biom,SBSC,Subject Body Status Code,
5.2,biom,SMS,Scar/Mark/Tattoo Size,
5.2,biom,SMT,"Scars, Marks, and Tattoos",
5.2,biom,SNP,single nucleotide polymorphism,
5.2,biom,SPC,Speaker Plurality Code,
5.2,biom,STR,Short tandem repeat,
5.2,biom,TDD,Tooth data detail,
5.2,biom,Tenprint,,"(1) A generic reference to examinations performed on intentionally recorded friction ridge impressions. (2) A controlled recording of an individual’s available fingers using ink, electronic imaging, or other medium."
5.2,biom,TLT,Temporary Line Thickness,
5.2,biom,UTC,Coordinated Universal Time,
5.2,biom,VCD,Vocal content diary,
5.2,biom,VOC,Vocal Content,
5.2,biom,X-STR,Short tandem repeat (STR) on the X-chromosome,
5.2,biom,Y-STR,Short tandem repeat (STR) on the Y-chromosome,
5.2,cbrn,Bio,Biological,
5.2,cbrn,CBP,United States Customs and Border Protection,
5.2,cbrn,CBRNE,"Chemical, Biological, Radiological, Nuclear and high- yield Explosives",
5.2,cbrn,CC,cubic centimeter (cc) units,
5.2,cbrn,Chem,Chemical,
5.2,cbrn,CM,Centimeter,
5.2,cbrn,CPS,Counts per second,
5.2,cbrn,FWHM,Full width at half maximum,
5.2,cbrn,Geo,Geographic,
5.2,cbrn,IDREF,Identifier reference,
5.2,cbrn,IEC,International Electrotechnical Commission,
5.2,cbrn,KeV,Kiloelectronvolts,
5.2,cbrn,kilobecquerel,,A unit of radioactivity equal to one thousand becquerels.
5.2,cbrn,MDA,minimum detectable activity,
5.2,cbrn,MeV,Megaelectron-volt,
5.2,cbrn,microsievert,,"The sievert is the special name for the SI unit of equivalent dose, effective dose, and operational dose quantities. The unit is joule per kilogram.  1 microsievert = 0.000001 sieverts"
5.2,cbrn,microsieverts,,"The sievert is the special name for the SI unit of equivalent dose, effective dose, and operational dose quantities. The unit is joule per kilogram.  1 microsievert = 0.000001 sieverts"
5.2,cbrn,milliroentgen,,"A unit of exposure to ionizing radiation, one thousandth of a roentgen."
5.2,cbrn,MIME,Multipurpose Internet Mail Extensions,
5.2,cbrn,mR,milliroentgen,
5.2,cbrn,mRh,milliroentgen per hour (mR/h),
5.2,cbrn,N42,,The ANSI/IEEE N42.42 standard specifies the XML data format that shall be used for both required and optional data to be made available by radiation measurement instruments.
5.2,cbrn,n42Doc,N42 XML document,
5.2,cbrn,Reachback,,"A process by which commanders, their staffs and deployed forces may be provided with timely, coordinated and authoritative advice on Chemical, Biological, Radiological and Nuclear issues, drawing upon remote expert sources of information."
5.2,cbrn,UID,Unique Identifier,
5.2,cbrn,uSv,microsieverts,
5.2,cbrn,uSvh,microsieverts per hour (uSv/h),
5.2,cbrn,UTF8,UCS Transformation Format—8-bit,
5.2,cbrn,UUID,Universally Unique Identifier,
5.2,cbrn,WGS-84,,The standard U.S. Department of Defense definition of a global reference system for geospatial information and the reference system for the Global Positioning System (GPS).
5.2,cbrn,X,The first dimension,
5.2,cbrn,XY,A two dimensional array or pair of values for a data point,
5.2,cbrncl,CBRN,"Chemical, Biological, Radiological and Nuclear",
5.2,cbrncl,CFR,,Code of Federal Regulations
5.2,cbrncl,GNDA,Global Nuclear Detection Architecture,
5.2,cbrncl,MIME,Multipurpose Internet Mail Extensions,
5.2,cbrncl,Reachback,,"A process by which commanders, their staffs and deployed forces may be provided with timely, coordinated and authoritative advice on Chemical, Biological, Radiological and Nuclear issues, drawing upon remote expert sources of information."
5.2,cbrncl,UNECE,United Nations Economic Commission for Europe,
5.2,cbrncl,W3C,World Wide Web Consortium,
5.2,commodity,CFS,Commodity Flow Survey,
5.2,commodity,SCTG,Standard Classification of Transported Goods,
5.2,cui,CUI,Controlled Unclassified Information,
5.2,cui,DLONLY,Dissemination List Controlled Only,
5.2,cui,LDC,Limited Dissemination Control,
5.2,cui,RELTO,Releasable To,
5.2,cyber,CPS,Cyber-Physical System,"A system that incorporates the interaction of digital, analog, physical, and human components engineered for function through integrated physics and logic."
5.2,cyber,CVE,Common Vulnerability Enumeration,A category system for hardware and software weaknesses and vulnerabilities.
5.2,cyber,DHCP,Dynamic Host Configuration Protocol,A method to provide quick and centralized management of IP addresses and other TCP/IP settings on your network.
5.2,cyber,DNS,Domain Name System,
5.2,cyber,Exfiltrated,Exfiltrated,Data or information that was surreptitiously withdrawn from a location without permission.
5.2,cyber,Exfiltration,Exfiltration,A method of surreptitiously withdrawing data or information from a location without permission.
5.2,cyber,FISMA,Federal Information Security Modernization Act,
5.2,cyber,IOA,Indicator(s) of Attack,Evidence of the intent the adversary is trying to accomplish.
5.2,cyber,IOB,Indicator(s) of Behavior,Evidence of user behavior and interests.
5.2,cyber,IOC,Indicator(s) of Compromise,Forensic evidence of potential intrusions on a host system or network.
5.2,cyber,SMS,Short Messaging Service,A technology for sending short text messages between mobile phones
5.2,cyber,TTP,"Tactic, Technique, and Procedure","A description of the ""why,"" ""how,"" and specific implementation the adversary uses."
5.2,cyber,VERIS,Vocabulary for Event Recording and Incident Sharing,The Vocabulary for Event Recording and Incident Sharing (VERIS) is a set of metrics designed to provide a common language for describing security incidents in a structured and repeatable manner.
5.2,cyber,WFN,well-formed CPE name,
5.2,edxl_rm,EDXL,Emergency Data Exchange Language,
5.2,edxl-have,EDXL,Emergency Data Exchange Language,
5.2,edxl-have,HAVE,Hospital Availability Exchange,
5.2,em,Cat-C,,FEMA Category C: Roads and Bridges
5.2,em,Cat-D,,FEMA Category D: Water Control Facilities
5.2,em,Cat-E,,FEMA Category E: Buildings and Equipment
5.2,em,Cat-F,,FEMA Category F: Utilities
5.2,em,CATG,,"FEMA Category G: Parks, Recreation, and Other"
5.2,em,Cat-G,,"FEMA Category G: Parks, Recreation, and Other"
5.2,em,CRS,Community Rating System,
5.2,em,Decon,Decontamination,
5.2,em,EMS,Emergency Medical Service,
5.2,em,EOC,Emergency Operations Center,
5.2,em,EPM,Emergency Protective Measures,
5.2,em,ESF,Emergency Support Function,
5.2,em,FEMA,Federal Emergency Management Agency,
5.2,em,FIPS,Federal Information Processing Standards,
5.2,em,FIPS201,,FIPS 201 is a United States federal government standard that specifies Personal Identity Verification requirements for Federal employees and contractors.
5.2,em,Geo,geo-coded,
5.2,em,ICD,International Classification of Diseases,
5.2,em,IEC,International Electrotechnical Commission,
5.2,em,IMS,Incident Management System,
5.2,em,LCR,"License, certificate or registration",
5.2,em,MF,Multi-family,
5.2,em,MH,Manufactured home,
5.2,em,NFIP,National Flood Insurance Program,
5.2,em,NIST,National Institute of Standards and Technology,
5.2,em,NISTSP800733,,NIST Special Publication 800-73-3 Interfaces for Personal Identity Verification
5.2,em,NPI,National Provider ID,
5.2,em,NRCS,Natural Resources Conservation Service,
5.2,em,OBGYN,Obstetrics & Gynecology,
5.2,em,Passcode,,A numeric password.
5.2,em,PHEOC,Public Health Emergency Operations Centers,
5.2,em,PIV,Personal Identity Verification,
5.2,em,PSAP,Public Safety Answering Point,
5.2,em,RGB,Red Green Blue,
5.2,em,SFHA,Special Flood Hazard Area,
5.2,em,SFHAs,Special Flood Hazard Areas,
5.2,em,SOP,Standard Operating Procedures,
5.2,em,SP,Special Publication,
5.2,em,URN,Uniform Resource Name,
5.2,em,USACE,United States Army Corps of Engineers,
5.2,em,X509,,X.509 is a standard defining the format of public key certificates.
5.2,fema,CRS,Community Rating System,
5.2,fema,SFHA,Special Flood Hazard Area,
5.2,genc,Alpha2,,Two-letter
5.2,genc,Alpha3,,Three-letter
5.2,geo,GML,Geography Markup Language,
5.2,geo,Multi,,one or more
5.2,geo,OGC,Open Geospatial Consortium,
5.2,have-codes,Decon,Decontamination,
5.2,have-codes,EMS,Emergency Medical Service,
5.2,have-codes,EOC,Emergency Operations Center,
5.2,hazmat,UN,United Nations,
5.2,hs,AFCARS,Adoption and Foster Care Analysis and Reporting System (AFCARS),
5.2,hs,ASFA,Adoption and Safe Families Act,
5.2,hs,CFR,,Code of Federal Regulations
5.2,hs,Comp,Compensation,
5.2,hs,EBT,Electronic Benefit Transfer,
5.2,hs,FEIN,Federal Employer Identification Number,
5.2,hs,FIPS,Federal Information Processing Series,
5.2,hs,firesetting,,A behavior that includes setting fires both accidentally and intentionally.
5.2,hs,FS,Food Stamps,
5.2,hs,habilitative,,"Habilitative services help a person keep, learn, or improve skills and functioning for daily living."
5.2,hs,ICPC,Interstate Compact on the Placement of Children,
5.2,hs,ICWA,Indian Child Welfare Act,
5.2,hs,IV-D,,Title IV-D of the Social Security Act
5.2,hs,IV-E,,Title IV-E of the Social Security Act addressing Federal Payments for Foster Care and Adoption Assistance.
5.2,hs,NCANDS,National Child Abuse and Neglect Data System,
5.2,hs,NCIC,National Crime Information Center,
5.2,hs,NCP,Noncustodial parent,
5.2,hs,NPI,National Provider Identifier,
5.2,hs,PARIS,Public Assistance Reporting Information System,
5.2,hs,Polyvictimization,,Multiple victimizations of a person
5.2,hs,SSA,Social Security Administration,
5.2,hs,SSI,Supplemental Security Income,
5.2,hs,SSN,Social Security Number,
5.2,hs,TANF,Temporary Assistance to Needy Families,
5.2,hs,UCCJEA,Uniform Child Custody Jurisdiction and Enforcement Act,
5.2,hs,VA,Veterans Affairs,
5.2,im,CIS,Citizenship and Immigration Service,
5.2,im,DS,Department of State,
5.2,im,EV,Exchange Visitor,
5.2,im,F1,F-1 visa,
5.2,im,F2,F-2 visa,
5.2,im,Hague,,"The Hague is the seat of government in the Netherlands, and the capital city of the province of South Holland."
5.2,im,I20s,Form I-20,
5.2,im,ICE,Immigration and Customs Enforcement,
5.2,im,J2,J-2 visa,
5.2,im,K9,canine,
5.2,im,M1,M1 visa,
5.2,im,M2,M2 visa,
5.2,im,PIN,Personal Identification Number,
5.2,im,PL94-484,Public Law 94-484,
5.2,im,SEVIS,Student and Exchange Visitor Information System,
5.2,im,SSN,Social Security Number,
5.2,im,USCIS,United States Citizenship and Immigration Services,
5.2,intel,Alpha2,,Two-letter
5.2,intel,Alpha3,,Three-letter
5.2,intel,CBEFF,Common Biometric Exchange Formats Framework,
5.2,intel,ECR,(Threat Group Member) Criteria for Entry,
5.2,intel,FBI,Federal Bureau of Investigation,
5.2,intel,FIPS,Federal Information Processing Standards,
5.2,intel,FIPS10-4,,"The FIPS 10-4 standard, Countries, Dependencies, Areas of Special Sovereignty, and Their Principal Administrative Divisions, was a list of two-letter country codes that were used by the U.S. Government for geographical data processing in many publications."
5.2,intel,ICMWG,Intelligence Community Metadata Working Group,
5.2,intel,INA,Immigration and Nationality Act,
5.2,intel,ISO,International Organization for Standardization,
5.2,intel,ISO3166,,"ISO 3166 is a standard published by the International Organization for Standardization (ISO) that defines codes for the names of countries, dependent territories, special areas of geographical interest, and their principal subdivisions (e.g., provinces or states). The official name of the standard is Codes for the representation of names of countries and their subdivisions."
5.2,intel,NCTC,National Counterterrorism Center,
5.2,intel,VGTOF,Violent Gang and Terrorist Organizations File,
5.2,iso_3166,Alpha2,,Two-letter
5.2,iso_3166,Alpha3,,Three-letter
5.2,it,ChA1,HMRC Charity application form,
5.2,it,CHAI,HMRC Charity application form,
5.2,it,Deconsolidator,,"A receiving party of a consolidated shipment, who divides the latter into its original single consignments and undertakes to make them available to be delivered."
5.2,it,EMS,Emergency Medical Service,
5.2,it,FTZ,Foreign Trade Zone,
5.2,it,HTS,Harmonized Tariff Schedule,
5.2,it,IATA,International Air Transport Association,
5.2,it,IMO,International Maritime Organization,
5.2,it,INCOTERMS,International Commercial Terms,
5.2,it,ISO,International Organization for Standardization,
5.2,it,ISO6346,,"ISO 6346 is an international standard covering the coding, identification and marking of intermodal (shipping) containers used within containerized intermodal freight transport."
5.2,it,MFA,Multi Fibre Arrangement,
5.2,it,NTN,National Training Numbers,
5.2,it,SCAC,Standard Carrier Alpha Code,
5.2,it,Transhipment,,"The shipment of goods or containers to an intermediate destination, then to another destination."
5.2,it,UCR,Unique Customs Reference,
5.2,it,UNDG,United Nations Development Group,
5.2,it,VIR,Vehicle Inspection Report,
5.2,it,WCO,World Customs Organization,
5.2,itcodes,ISO,International Organization for Standardization,
5.2,itcodes,ISO6346,,"ISO 6346 is an international standard covering the coding, identification and marking of intermodal (shipping) containers used within containerized intermodal freight transport."
5.2,itcodes,UNECE,United Nations Economic Commission for Europe,
5.2,j,AAMVA,The American Association of Motor Vehicle Administrators,
5.2,j,ACD,AAMVA Code Dictionary,
5.2,j,ADA,Americans with Disabilities Act,
5.2,j,AFIS,Automated Fingerprint Identification System,
5.2,j,Alpha,,Letter(s)
5.2,j,Amber,America's Missing: Broadcast Emergency Response,
5.2,j,ANSID20,"The Data Dictionary for Traffic Record Systems, maintained by AAMVA, the American Association of Motor Vehicle Administrators",
5.2,j,APCO,"Association of Public-Safety Communications Officials (APCO) - International, Inc.",
5.2,j,BAC,Blood Alcohol Concentration,
5.2,j,BOP,Bureau of Prisons,
5.2,j,BPH,Board of Parole Hearings,
5.2,j,Brady,Brady Law,
5.2,j,CDL,Commercial Driver's License,
5.2,j,CFR,,Code of Federal Regulations
5.2,j,CHRI,Criminal History Record Information,
5.2,j,CJIS,Criminal Justice Information System,
5.2,j,CLP,Commercial Learners Permit,
5.2,j,CMV,Commercial Motor Vehicle,
5.2,j,CODIS,Combined DNA Index System,
5.2,j,COMPAS,Correctional Offender Management Profiling for Alternative Sanctions,
5.2,j,DEA,Drug Enforcement Administration,
5.2,j,DHS,Department of Homeland Security,
5.2,j,DMH,Department of Mental Health,
5.2,j,DNA,Deoxyribonucleic acid,
5.2,j,DOT,Department of Transportation,
5.2,j,EMS,Emergency Medical Service,
5.2,j,Enhanceable,,An enhanceable offense means that specific factors can increase the severity level of the offense.
5.2,j,FBI,Federal Bureau of Investigation,
5.2,j,FCN,file control number,
5.2,j,FFL,federal firearms license,
5.2,j,FIPS,Federal Information Processing Standards,
5.2,j,GDEP,Geographic-Drug Enforcement Program,
5.2,j,GVWR,gross vehicle weight rating,
5.2,j,HazMat,Hazardous Materials,
5.2,j,HME,Hazardous Material Endorsement,
5.2,j,HRSO,high risk sex offender,
5.2,j,IAFIS,Integrated Automated Fingerprint Identification System,
5.2,j,IBIS,Integrated Ballistic Identification System,
5.2,j,ICC,Interstate Commerce Commission,
5.2,j,ISBN,International Standard Book Number,
5.2,j,JABS,JABS,Joint Automated Booking System
5.2,j,Keyhea,,"Under the Keyhea injunction, 'involuntary medication' cannot be administered to a state prisoner for more than three days unless the professional staff of the facility in which the prisoner is incarcerated has analyzed the prisoner's condition and found that the prisoner is, as a result of a mental disorder, 'gravely disabled and incompetent to refuse medication or a danger to others, or a danger to self,' and the prisoner has been 'advised of the need for, but has not been willing to accept medication on a voluntary basis.'"
5.2,j,LEOKA,Law Enforcement Officer Killed or Assaulted,
5.2,j,LIS,License Plate State,
5.2,j,Livescan,,"An inkless, electronic means of capturing fingerprints in a digitized format and then transmitting them to a state repository and/or the FBI"
5.2,j,LSTA,,State/Country Index
5.2,j,MACR,Monthly Arrest and Citation Register,
5.2,j,MCMIS,Motor Carrier Management Information System,
5.2,j,MCO,Manufacturer's certificate of origin,
5.2,j,MCSIP,Motor Carrier Safety Improvement Process,
5.2,j,MDO,mentally disordered offender,
5.2,j,MHSDS,Mental Health Services Delivery System,
5.2,j,MMUCC,Model Minimum Uniform Crash Criteria,
5.2,j,MO,Modus Operandi,
5.2,j,ModusOperandi,Mode of operating,
5.2,j,Multi,Multiple,
5.2,j,NCIC,National Crime Information Center,
5.2,j,NCMEC,National Center for Missing & Exploited Children,
5.2,j,NDEx,National Data Exchange,
5.2,j,NDEX,National Data Exchange,
5.2,j,NIBRS,National Incident Based Reporting System,
5.2,j,NICB,National Insurance Crime Bureau,
5.2,j,NICS,National Instant Criminal Background Check System,
5.2,j,NLETS,National Law Enforcement Telecommunication Systems,
5.2,j,OCA,Originating Case Agency,
5.2,j,ORI,,"A nine-character identifier assigned by the FBI Criminal Justice Information Systems (CJIS) staff to an organization, which must have met the established qualifying criteria for ORI assignment to identify the agency in transactions on CJIS Systems."
5.2,j,POST,Peace Official Standards and Training,
5.2,j,Postdirectional,,"A word following a street name that indicates the directional taken by the thoroughfare from an arbitrary starting point or line, or the sector where it is located."
5.2,j,Predirectional,,"A word preceding a street name that indicates the directional taken by the thoroughfare from an arbitrary starting point or line, or the sector where it is located."
5.2,j,PRISM,Performance and Registration Information Systems Management,
5.2,j,REALID,,"Public Law 109–13, 119 Statute 302, enacted May 11, 2005, was an Act of Congress that modified U.S. federal law pertaining to security, authentication, and issuance procedures standards for the state driver's licenses and identification (ID) cards, as well as various immigration issues pertaining to terrorism."
5.2,j,RES,Registration State,
5.2,j,RH,,Rhesus (Rh) factor is an inherited protein found on the surface of red blood cells.
5.2,j,RICO,Racketeer Influenced and Corrupt Organizations,
5.2,j,SAFESTAT,Safety Status Measurement System,
5.2,j,Separatee,A person who must be kept separate from another person.,
5.2,j,SMT,"Scars, Marks, Tattoos, and Other Characteristics",
5.2,j,SSN,Social Security Number,
5.2,j,TCD,traffic control device,
5.2,j,TCN,Transaction Control Number,
5.2,j,TripleI,III - Interstate Identification Index system,
5.2,j,TSA,,Transportation Security Administration
5.2,j,TYP,(Firearm) Type,
5.2,j,TYPA,(Article) Type,
5.2,j,TYPO,(ORI) Type,
5.2,j,UCR,Uniform Crime Reporting,
5.2,j,USDOT,United States Department of Transportation,
5.2,j,USMS,United States Marshal Service,
5.2,j,VICAP,Violent Criminal Apprehension Program,
5.2,j,VIN,Vehicle Identification Number,
5.2,j,VINA,Vehicle Identification Number Analysis,
5.2,j,WHTI,Western Hemisphere Travel Initiative,
5.2,j,XRay,X-Ray,
5.2,j,XRays,X-Rays,
5.2,jp2-0,DoD,Department of Defense,
5.2,jp3-52,ACM,Airspace Coordinating Measure,
5.2,lrn-dev,ACT,,A standardized test widely used for college admissions in the United States.  Formerly stood for American College Testing.
5.2,lrn-dev,CIP,Classification of Instructional Programs,
5.2,lrn-dev,CTDL,Credential Transparency Description Language,
5.2,lrn-dev,SAT,,A standardized test widely used for college admissions in the United States.  Formerly stood for Scholastic Aptitude Test and later the Scholastic Assessment Test.
5.2,lrn-dev,WCST,Wisconsin Card Sorting Test,
5.2,m,Alpha2,,Two-letter
5.2,m,Alpha3,,Three-letter
5.2,m,APR,April,
5.2,m,7-Apr,Apr-07,
5.2,m,BE,Basic Encyclopedia,
5.2,m,CANUS,Canada/USA,
5.2,m,CANUSLexiconAPR07,April 2007 Canada/USA Bi-National Vessel of Interest (VOI) Lexicon,
5.2,m,CDC,Certain Dangerous Cargo,
5.2,m,CFR,,Code of Federal Regulations
5.2,m,COTP,Captain of the Port,
5.2,m,CVSSA,Cruise Vessel Security and Safety Act,
5.2,m,DOC,Document of Compliance,
5.2,m,FIPS,Federal Information Processing Standards,
5.2,m,Helo,helicopter,
5.2,m,HIN,Hull Identification Number,
5.2,m,IMO,International Maritime Organization,
5.2,m,IRCS,International Registered Call Sign,
5.2,m,ISM,International Safety Management,
5.2,m,ISO,International Organization for Standardization,
5.2,m,ISO3166,,"ISO 3166 is a standard published by the International Organization for Standardization (ISO) that defines codes for the names of countries, dependent territories, special areas of geographical interest, and their principal subdivisions (e.g., provinces or states). The official name of the standard is Codes for the representation of names of countries and their subdivisions."
5.2,m,ISPS,International Ship and Port Facility Security,
5.2,m,ISSC,International Ship Security Certificate,
5.2,m,MMSI,Maritime Mobile Service Identity,
5.2,m,NORTHCOM,Northern Command,
5.2,m,SCONUM,Ship Control Number,
5.2,m,TRDM,US Transportation Command (USTRANSCOM) Reference Data Model (TRDM),
5.2,m,UN,United Nations,
5.2,m,UNECE,United Nations Economic Commission for Europe,
5.2,m,UNLOCODE,United Nations Code for Trade and Transport Locations,
5.2,m,USMTF,United States Message Text Format,
5.2,mmucc,BAC,Blood Alcohol Concentration,
5.2,mmucc,GVWR,Gross vehicle weight rating,
5.2,mmucc,GVWRs,Gross vehicle weight rating,
5.2,mmucc,HazMat,Hazardous Materials,
5.2,mmucc,NA,Not applicable,
5.2,mmucc,NR,Not reported,
5.2,mmucc,Trafficway,,A highway or roadway open to traffic.
5.2,mo,Aimpoint,,A point associated with a target and assigned for a specific weapon impact.
5.2,mo,AMETL,Agency Mission Essential Task List,
5.2,mo,ASN,Autonomous System Number,
5.2,mo,CAPEC,Common Attack Pattern Enumeration and Classification,
5.2,mo,CAs,Certificate Authorities,
5.2,mo,CET,Cyber Effectiveness Table,
5.2,mo,CIDR,Classless Inter-domain Routing,
5.2,mo,codespace,,A controlled vocabulary
5.2,mo,COLE,Cyber Operations Lethality and Effectiveness,
5.2,mo,CPE,Common Platform Enumeration,
5.2,mo,CRL,Certificate Revocation List,
5.2,mo,CUI,Controlled Unclassified Information,
5.2,mo,CVE,Common Vulnerabilities and Exposures,
5.2,mo,CWE,Common Weakness Enumeration,
5.2,mo,CYBOX,Cyber Observable eXpression,
5.2,mo,DHCP,Dynamic Host Configuration Protocol,
5.2,mo,DIA,Defense Intelligence Agency,
5.2,mo,DNS,Domain Name System,
5.2,mo,DoD,Department of Defense,
5.2,mo,DSN,Defense Switched Network,
5.2,mo,FISMA,Federal Information Security Modernization Act,
5.2,mo,FMID,Force Management Identifier,
5.2,mo,FOIA,Freedom of Information Act,
5.2,mo,FQDN,Fully qualified domain name,
5.2,mo,GFM,Global Force Management,
5.2,mo,IC,Intelligence Community,
5.2,mo,JNKE,Joint Non-Kinetics Effectiveness,
5.2,mo,JS,Joint Staff,
5.2,mo,JSON,JavaScript Object Notation,
5.2,mo,JTCG-ME,Joint Technical Coordinating Group for Munitions Effectiveness,
5.2,mo,JWICS,Joint Worldwide Intelligence Communications System,
5.2,mo,MAEC,Malware Attribute Enumeration and Characterization,
5.2,mo,MGRS,Military Grid Reference System,
5.2,mo,MIDB,Modernized Integrated Database,
5.2,mo,MilOps,Military Operations,
5.2,mo,MILSTD,Military Standard,
5.2,mo,MILSTD2525-B,Military Standard 2525 B (MIL-STD-2525B),
5.2,mo,MILSTD2525-C,Military Standard 2525 C (MIL-STD-2525C),
5.2,mo,MILSTD2525-D,Military Standard 2525 D (MIL-STD-2525D),
5.2,mo,NETBIOS,Network Basic Input/Output System,
5.2,mo,NIPR,Non-classified Internet Protocol Router Network,
5.2,mo,NIST,National Institute of Standards and Technology,
5.2,mo,OEM,Operational Environment Model,
5.2,mo,OIDs,Object IDs,
5.2,mo,OPEX,Operation Exercise,
5.2,mo,OSI,Open Systems Interconnection,
5.2,mo,PII,Personally identifiable information,
5.2,mo,POC,Point of Contact,
5.2,mo,REGEX,Regular Expression,
5.2,mo,SCADA,Supervisory control and data acquisition,
5.2,mo,SIDC,Symbol Identification Code,
5.2,mo,SIPR,SECRET Internet Protocol Router Network,
5.2,mo,SP,Special Publication,
5.2,mo,SSID,Service Set Identifier,
5.2,mo,STANAG,Standardization Agreement,
5.2,mo,TCM,Target Characterization Model,
5.2,mo,TCTF,Technical Cyber Threat Framework,
5.2,mo,UIC,Unit Identification Code,
5.2,mo,ULN,Unit Line Number,
5.2,mo,UM2,Uncertainty Metrics Model,
5.2,mo,UPS,Universal Polar Stereographic,
5.2,mo,URN,Unit Reference Number,
5.2,mo,UTM,Univeral Transvere Mercator,
5.2,mo,UUID,Universally unique identifier,
5.2,mo,VLAN,Virtual local area network,
5.2,mo,Waypoint,,A point or a series of points to which a moving object may be vectored.
5.2,mo,WCM,Weapon Characterization Model,
5.2,mo,Weibull,A continuous probability distribution,
5.2,mo,WFN,,A well-formed name from the Common Platform Enumeration (CPE)
5.2,mo,WGS84,World Geodetic System 84,
5.2,mo,X509,,A standard defining the format of public key certificates.
5.2,nc,2D,Two-dimensional,
5.2,nc,3D,Three-dimensional,
5.2,nc,Alpha2,,Two-letter
5.2,nc,Alpha3,,Three-letter
5.2,nc,CMV,Commercial Motor Vehicle,
5.2,nc,DEA,Drug Enforcement Administration,
5.2,nc,ESN,electronic serial number,
5.2,nc,FATCA,Foreign Account Tax Compliance Act,
5.2,nc,FIPS,Federal Information Processing Standards,
5.2,nc,GENC,"Geopolitical Entities, Names, and Codes",
5.2,nc,GSM,Global System for Mobile communication,
5.2,nc,IMEI,International Mobile Equipment Identity,
5.2,nc,IPv4,Internet Protocol version 4,
5.2,nc,IPv6,Internet Protocol version 6,
5.2,nc,ISO,International Organization for Standardization,
5.2,nc,ISO3166,,"ISO 3166 is a standard published by the International Organization for Standardization (ISO) that defines codes for the names of countries, dependent territories, special areas of geographical interest, and their principal subdivisions (e.g., provinces or states). The official name of the standard is Codes for the representation of names of countries and their subdivisions."
5.2,nc,ISSN,International Standard Serial Number,
5.2,nc,MAC,media access control address,
5.2,nc,MIME,Multipurpose Internet Mail Extensions,
5.2,nc,MSRP,Manufacturer's suggested retail price,
5.2,nc,NANP,North American Numbering Plan,
5.2,nc,Postdirectional,,"A word following a street name that indicates the directional taken by the thoroughfare from an arbitrary starting point or line, or the sector where it is located."
5.2,nc,Predirectional,,"A word preceding a street name that indicates the directional taken by the thoroughfare from an arbitrary starting point or line, or the sector where it is located."
5.2,nc,RFID,Radio-frequency identification,
5.2,nc,RH,,Rhesus (Rh) factor is an inherited protein found on the surface of red blood cells.
5.2,nc,SSN,Social Security Number,
5.2,nc,TCP,Transmission Control Protocol,
5.2,nc,UMTS,Universal Mobile Telecommunications Service,
5.2,nc,UTC,Coordinated Universal Time,
5.2,nc,UTM,Universal Transverse Mercator,
5.2,nces,CIP,Classification of Instructional Programs,
5.2,ncic,ABRA,Article Brand Name,
5.2,ncic,BCO,Boat Color,
5.2,ncic,BLT,Blood Type,
5.2,ncic,BMA,Boat Make,
5.2,ncic,BPS,Body Parts Status,
5.2,ncic,BRA,Boat Brand Name,
5.2,ncic,BTMA,Vehicle Make for Boat Trailer,
5.2,ncic,BTY,Boat Type,
5.2,ncic,BXR,Body X-Rays Available,
5.2,ncic,CAL,(Firearm) Caliber,
5.2,ncic,CAT,(Vehicle/Boat Part) Category,
5.2,ncic,CBTY,Canadian Boat Type,
5.2,ncic,CDA,Manner and Cause of Death,
5.2,ncic,CMC,Caution and Medical Conditions,
5.2,ncic,COL,(Physical Feature) Color,
5.2,ncic,CPRO,Canadian Vehicle Index Propulsion,
5.2,ncic,CRC,Circumcision,
5.2,ncic,CRR,Conviction Resulting in Registration,
5.2,ncic,CTZ,Citizenship,
5.2,ncic,DBN,One Crime Inquiry Database Name,
5.2,ncic,DCH,Dental Characteristics,
5.2,ncic,DEN,Denomination,
5.2,ncic,ECR,(Threat Group Member) Criteria for Entry,
5.2,ncic,EPD,(Boat) Engine Power or Displacement,
5.2,ncic,ETN,Ethnicity,
5.2,ncic,EXL,Extradition Limitation,
5.2,ncic,EYE,Eye Color,
5.2,ncic,FILE,FILE fields,
5.2,ncic,FP,Fingerprint,
5.2,ncic,FPC,Fingerprint Classification,
5.2,ncic,GOFF,,Offenses of General Applicability
5.2,ncic,GTYP,Gun Type Characteristic 1 Weapon Type,
5.2,ncic,GTYP2,Gun Type Characteristic 2,
5.2,ncic,GTYP3,Gun Type Combination,
5.2,ncic,GTYPE,Global Inquiry Type of Request,
5.2,ncic,HAI,Hair Color,
5.2,ncic,HSP,(Boat) Hull Shape,
5.2,ncic,HUL,(Boat) Outer Hull Material,
5.2,ncic,IDT,Identity Theft Type,
5.2,ncic,IFS,Identification for Firearm Sales,
5.2,ncic,IMT,Image Type,
5.2,ncic,JWT,Jewelry Type,
5.2,ncic,LIS,License Plate State,
5.2,ncic,LIT,License Plate Number,
5.2,ncic,LITP,License Plate Type,
5.2,ncic,LSTA,State/Country Index,
5.2,ncic,MAK,(Firearm) Make,
5.2,ncic,MNP,Missing Person,
5.2,ncic,MNU,(person identifier) Miscellaneous Number,
5.2,ncic,MPC,Missing Person Circumstances,
5.2,ncic,NICS,National Instant Criminal Background Check System,
5.2,ncic,NPF,Number of Missing Person Found,
5.2,ncic,OFF,Offense Code,
5.2,ncic,OFS,Offender Status,
5.2,ncic,OLS,Operator License State,
5.2,ncic,OOC,Original Offense Code,
5.2,ncic,ORI,,"A nine-character identifier assigned by the FBI Criminal Justice Information Systems (CJIS) staff to an organization, which must have met the established qualifying criteria for ORI assignment to identify the agency in transactions on CJIS Systems."
5.2,ncic,PCC,Physical Feature Class,
5.2,ncic,PCO,Protection Order Condition,
5.2,ncic,PCS,(Fingerprint) Pattern Code Source,
5.2,ncic,POB,Place of Birth,
5.2,ncic,PRO,(Boat) Propulsion,
5.2,ncic,PSC,Physical Feature Sub Class,
5.2,ncic,RAC,Race,
5.2,ncic,RES,Registration State,
5.2,ncic,RMI,Ransom Money Indicator,
5.2,ncic,ROV,Relationship of Victim,
5.2,ncic,RPP,Reason for Property Record Removal,
5.2,ncic,SDT,Security Date or Series Year,
5.2,ncic,SEX,Gender,
5.2,ncic,SKN,Skin Tone,
5.2,ncic,SMT,"Scars, Marks, Tattoos, and Other Characteristics",
5.2,ncic,SVC,Service Information,
5.2,ncic,TRFU,Translation Field Usage,
5.2,ncic,TYP,(Firearm) Type,
5.2,ncic,TYPA,Article Type,
5.2,ncic,TYPO,ORI Type,
5.2,ncic,TYPS,(Securities) Type,
5.2,ncic,UDC,User Decision Code,
5.2,ncic,VCO,Vehicle Color,
5.2,ncic,VMA,Vehicle Make,
5.2,ncic,VMO,Vehicle Model,
5.2,ncic,VPC,Violent Person Criteria,
5.2,ncic,VST,Vehicle Style,
5.2,ndex,CAD,Computer Aided Dispatch,
5.2,ndex,CAL,(Firearm) Caliber,
5.2,ndex,E911,Emergency 911,
5.2,ndex,JABS,Joint Automated Booking System,
5.2,ndex,LEOKA,Law Enforcement Officer Killed or Assaulted,
5.2,ndex,MO,Modus Operandi,
5.2,ndex,NDEx,National Data Exchange,
5.2,ndex,NIBRS,National Incident Based Reporting System,
5.2,ndex,RAC,Race,
5.2,ndex,SEX,,The gender or sex of a person.
5.2,ndex,VST,Vehicle Style,
5.2,niem-xs,maxInclusive,,"An inclusive maximum value. To be valid, a value must be less than or equal to the value of xs:maxInclusive."
5.2,occs,OmniClass,,OmniClass is a comprehensive classification system for the construction industry.
5.2,sar,FS,Functional Standard,
5.2,scr,ASA,Army Security Agency,
5.2,scr,CBP,United States Customs and Border Protection,
5.2,scr,DoJ,Department of Justice,
5.2,scr,EFTS,Electronic Fingerprint Transmission Specification,
5.2,scr,IATA,International Air Transport Association,
5.2,scr,IDENT,Automated Biometric Identification System,
5.2,scr,INS,Immigration and Naturalization Service,
5.2,scr,LPR,License Plate Reader,
5.2,scr,NCIC,National Crime Information Center,
5.2,scr,TECS,Traveler Encounter Compliance System,
5.2,scr,USCIS,United States Citizenship and Immigration Services,
5.2,scr,Watchlist,,A document which contains a nomination list prepared and approved by the National Center of Counter Terrorism.
5.2,st,AADT,Annual average daily traffic,
5.2,st,AAR,Association of American Railroads,
5.2,st,Trafficway,,Any land way open to the public as a matter of right or custom for moving persons or property from one place to another.
5.2,stat,ISCO,International Standard Classification of Occupations,
5.2,stat,ISIC,International Standard Industrial Classification,
5.2,stat,SNA,System of National Accounts,
5.2,ucr,LEOKA,Law Enforcement Officer Killed or Assaulted,
5.2,ucr,NIBRS,National Incident-Based Reporting System,
5.2,usda_fsa,CCC,Commodity Credit Corporation,
5.2,usda_fsa,FSA,Farm Service Agency,
5.2,usmtf,AAW,anti-air warfare,
5.2,usmtf,Abbrev,abbreviated,
5.2,usmtf,ACO,Airspace Control Order,
5.2,usmtf,AEW,airborne early warning,
5.2,usmtf,AF,air force,
5.2,usmtf,AGL,above ground level,
5.2,usmtf,AMC,Air Mobility Command,
5.2,usmtf,AMSL,above mean sea level,
5.2,usmtf,ANG,Air National Guard,
5.2,usmtf,APN,airborne navigation radars,
5.2,usmtf,APO,Army Post Office,
5.2,usmtf,APX,airborne identification radars,
5.2,usmtf,ASUW,antisurface warfare,
5.2,usmtf,ATRO,actual time return to operation,
5.2,usmtf,ATTG/NBRG,Automated Tactical Target Graphic/National Basic Reference Graphic,
5.2,usmtf,BCST,broadcast,
5.2,usmtf,BDA,battle damage assessment,
5.2,usmtf,BDAREP,Battle Damage Assessment Report,
5.2,usmtf,BIOCHEM,"biological, chemical",
5.2,usmtf,Biwk,biweeks,
5.2,usmtf,BLSS,base level self-sufficiency,
5.2,usmtf,C2,command and control,
5.2,usmtf,CAGE,Commercial And Government Entity,
5.2,usmtf,CAP,combat air patrol,
5.2,usmtf,CAS,close air support,
5.2,usmtf,CASREP,Casualty Report,
5.2,usmtf,CASREP UIC,Casualty Report Unit Identification Code,
5.2,usmtf,CBR,"chemical, biological, radiological",
5.2,usmtf,CBRN,"chemical, biological, radiological, and nuclear",
5.2,usmtf,Char,character,
5.2,usmtf,CLS,capsule launch system,
5.2,usmtf,CM,coordination measure,
5.2,usmtf,CNR,Combat Net Radio,
5.2,usmtf,COP,common operational picture,
5.2,usmtf,CPA,closest point of approach,
5.2,usmtf,CST,Common Operating Picture (COP) Synchronization Tool,
5.2,usmtf,CT,maritime tactical picture manager coordinator,
5.2,usmtf,CTI,Common Operating Picture (COP) Transportation Interface,
5.2,usmtf,CZ,convergence zone,
5.2,usmtf,DAFIF,Digital Aeronautical Flight Information File,
5.2,usmtf,DEFCON,defense readiness condition,
5.2,usmtf,DMPI,desired mean point of impact,
5.2,usmtf,DOC,designed operational capability,
5.2,usmtf,DRSN,Defense Red Switched Network,
5.2,usmtf,DSN,Defense Switched Network,
5.2,usmtf,DTG,date-time group,
5.2,usmtf,ECM,electronic countermeasures,
5.2,usmtf,EMCON,emission control,
5.2,usmtf,EOB,electronic order of battle,
5.2,usmtf,EPLRS,Enhanced Position Location Reporting System,
5.2,usmtf,EPW,enemy prisoner of war,
5.2,usmtf,ESM,electronic support measures,
5.2,usmtf,ETRO,estimated time return to operation,
5.2,usmtf,EWO/WSO,Electronic Warfare Officer/Weapons Systems Officer,
5.2,usmtf,FCS,Future Combat Systems,
5.2,usmtf,FOTC,Force Over-The-Horizon Track Coordinator,
5.2,usmtf,Ft,feet,
5.2,usmtf,GENTEXT,General Text,
5.2,usmtf,GEOREF,geographic reference,
5.2,usmtf,GMF,ground mobile force,
5.2,usmtf,HFDF,high frequency direction finding,
5.2,usmtf,HIMEZ,high altitude missile engagement zone,
5.2,usmtf,HKG,hundreds of kilograms,
5.2,usmtf,HM,hectometers,
5.2,usmtf,Hr,hours,
5.2,usmtf,Hrs,hours,
5.2,usmtf,ICM,improved conventional munitions,
5.2,usmtf,IMEI,International Mobile Equipment Identification,
5.2,usmtf,INET,Internet,
5.2,usmtf,ITU,International Telecommunications Union,
5.2,usmtf,IUPAC,International Union of Pure and Applied Chemistry,
5.2,usmtf,JRE,joint range extension,
5.2,usmtf,JTIDS,Joint Tactical Information Distribution System,
5.2,usmtf,JWICS,Joint Worldwide Intelligence Communications System,
5.2,usmtf,Kf,kilofeet,
5.2,usmtf,KIA,killed in action,
5.2,usmtf,KLB,thousands of pounds,
5.2,usmtf,KM,kilometer,
5.2,usmtf,KPH,kilometers per hour,
5.2,usmtf,KQ,KQ-- ICAO identifier block,
5.2,usmtf,Kyd,kiloyards,
5.2,usmtf,LANTIRN,Low Altitude Navigation Targeting Infrared for Night,
5.2,usmtf,Lat,latitude,
5.2,usmtf,LCAC,landing craft air cushion,
5.2,usmtf,LERTCON,alert condition,
5.2,usmtf,Lexit,landing area exit,
5.2,usmtf,M,meter,
5.2,usmtf,MASN,Mission Area Subnetwork,
5.2,usmtf,Max,maximum,
5.2,usmtf,MBBLS,thousands of barrels,
5.2,usmtf,MCM,mine countermeasures,
5.2,usmtf,MDR,median detection range,
5.2,usmtf,Met,meteorological,
5.2,usmtf,METCf,Meteorological Fallout message,
5.2,usmtf,METCm,Meteorological Computer message,
5.2,usmtf,METTA,Meteorological-Target Acquisition Message,
5.2,usmtf,MEZ,missile engagement zone,
5.2,usmtf,MGRS-UTM,Military Grid Reference System-Universal Transverse Mercator,
5.2,usmtf,MIIS,motion imagery interpretation report,
5.2,usmtf,MIJI,"meaconing, intrusion, jamming, and interference",
5.2,usmtf,Mil,milliradian,
5.2,usmtf,Mils,milliradian,
5.2,usmtf,MILSTD,military standard,
5.2,usmtf,MMOE,Minefield Measure Of Effectiveness,
5.2,usmtf,Mod,model,
5.2,usmtf,MODLOC,modified location,
5.2,usmtf,Mon,months,
5.2,usmtf,MOS,military occupational specialty,
5.2,usmtf,MOVEREP,movement report,
5.2,usmtf,MPA,maritime patrol aircraft,
5.2,usmtf,MRS,mini-rawinsonde,
5.2,usmtf,MSL,mean sea level,
5.2,usmtf,MTOE,Modification Table of Organization And Equipment,
5.2,usmtf,MVI,mission verification index,
5.2,usmtf,NADGE,NATO Air Defense Ground Environment,
5.2,usmtf,NBC,"nuclear, biological, chemical",
5.2,usmtf,NIPF,National Intelligence Priorities Framework,
5.2,usmtf,NIPRNet,Non-secure Internet Protocol Router Network,
5.2,usmtf,NM,nautical mile,
5.2,usmtf,NOI,notice of intention,
5.2,usmtf,NOSIC,Naval Ocean Surveillance Information Center,
5.2,usmtf,NPG,network participation group,
5.2,usmtf,ONCS,Operational Network Cycle Structure,
5.2,usmtf,OPDAT,operational data,
5.2,usmtf,OPLAN,operation plan,
5.2,usmtf,OTC,officer in tactical command,
5.2,usmtf,PKI,public key infrastructure,
5.2,usmtf,PLA,plain language address,
5.2,usmtf,POL,"petroleum, oils, and lubricants",
5.2,usmtf,PRF,pulse repetition frequency,
5.2,usmtf,PRI,pulse repetition interval,
5.2,usmtf,Q-Route,preplanned shipping lane in mined or potentially mined waters,
5.2,usmtf,RAYCAS,Raytheon Collision Avoidance System,
5.2,usmtf,RDD,required delivery date,
5.2,usmtf,SADL,situation awareness data link,
5.2,usmtf,SAR,search and rescue,
5.2,usmtf,SAVOW,Secure AFSATCOM Voice Orderwire,
5.2,usmtf,SAW,sinusoidal acoustical wave,
5.2,usmtf,SEAD,Suppression of Enemy Air Defenses,
5.2,usmtf,SHORAD,short-range air defense,
5.2,usmtf,SIC,subject indicator code,
5.2,usmtf,SIF,selective identification feature,
5.2,usmtf,SIGINT,signals intelligence,
5.2,usmtf,SIPRNet,Secure Internet Protocol Router Network,
5.2,usmtf,SM,statute miles,
5.2,usmtf,SORTS,Status Of Resources And Training,
5.2,usmtf,SPR,seconds per revolution,
5.2,usmtf,STANAG,standardization agreement,
5.2,usmtf,SUBNOTE,submarine notice,
5.2,usmtf,SUBOPSKED,submarine operations schedule,
5.2,usmtf,TAADS,The Army Authorization Documents System,
5.2,usmtf,TACAN,tactical air navigation,
5.2,usmtf,TBM,theater battle management,
5.2,usmtf,TDA,table of distribution and allowances,
5.2,usmtf,TDL,tactical data link,
5.2,usmtf,TDS,tactical data systems,
5.2,usmtf,techdata,technical data,
5.2,usmtf,TIR,target information request,
5.2,usmtf,TLAM,Tomahawk land-attack missile,
5.2,usmtf,TOE,Table Organization and Equipment,
5.2,usmtf,TOT,time over target,
5.2,usmtf,TRP,timing reference point,
5.2,usmtf,TSR,time slot reallocation,
5.2,usmtf,TUM,Tomahawk Command Information (TCI) Update Message,
5.2,usmtf,UBL,unit basic load,
5.2,usmtf,UIC,unit identification code,
5.2,usmtf,UID,unique identifier,
5.2,usmtf,ULN,Unit Line Number,
5.2,usmtf,USCG,United States Coast Guard,
5.2,usmtf,UTC,Unit Type Code,
5.2,usmtf,UTM,Universal Transverse Mercator,
5.2,usmtf,VDS,variable depth sonar,
5.2,usmtf,WRM,War Reserve Material,
5.2,usmtf,WRSK,war readiness spares kit,
5.2,usmtf,WSRK,war readiness spares kit,
5.2,usmtf,XREF,cross reference,
5.2,usmtf,Yd,yards,
5.2,xCard,IETF,Internet Engineering Task Force,
5.2,xCard,vCard,,"vCard, also known as VCF (Virtual Contact File), is a file format standard for electronic business cards."
